{
  "BTC/USDT": {
    "trades": 74,
    "win_rate": 35.13513513513514,
    "total_pnl": -17.30158321338388,
    "final_capital": 9982.698416786616,
    "return_pct": -0.1730158321338422,
    "avg_win": 18.032163628319434,
    "avg_loss": -10.127871615618524,
    "profit_factor": 0.9644101284101027,
    "sharpe": -0.046527852429490354,
    "max_dd": -1.1143257839418226,
    "trades_per_month": 0.8809523809523809
  },
  "ETH/USDT": {
    "trades": 85,
    "win_rate": 27.058823529411764,
    "total_pnl": -222.85550307852515,
    "final_capital": 9777.144496921477,
    "return_pct": -2.228555030785228,
    "avg_win": 15.971066164544027,
    "avg_loss": -9.51919394940383,
    "profit_factor": 0.6224004241172293,
    "sharpe": -0.6519230234390452,
    "max_dd": -2.518037304592297,
    "trades_per_month": 1.0119047619047619
  }
}