{
  "BTC/USDT": {
    "trades": 4762,
    "win_rate": 52.93994120117598,
    "total_pnl": -3019.0747117608103,
    "final_capital": 6980.925288239187,
    "return_pct": -30.190747117608137,
    "avg_win": 3.680026099220837,
    "avg_loss": -5.487023876794529,
    "profit_factor": 0.7544753198850012,
    "sharpe": -2.2016127313203007,
    "max_dd": -30.343681640135834,
    "trades_per_month": 56.69047619047619,
    "exit_reasons": {
      "timeout": 2230,
      "tp": 1744,
      "sl": 788
    }
  },
  "ETH/USDT": {
    "trades": 4805,
    "win_rate": 51.800208116545264,
    "total_pnl": -4094.832628180706,
    "final_capital": 5905.1673718193015,
    "return_pct": -40.948326281806985,
    "avg_win": 4.257277880122014,
    "avg_loss": -6.343349426513125,
    "profit_factor": 0.7212730485867493,
    "sharpe": -2.6020088815789872,
    "max_dd": -41.108853115298274,
    "trades_per_month": 57.20238095238095,
    "exit_reasons": {
      "timeout": 2079,
      "tp": 1594,
      "sl": 1132
    }
  }
}